WKT,id,name,alt_name,latitude,longitude
"POINT (117.2853949 -8.6653294)",52.0,NUSA TENGGARA BARAT,NUSA TENGGARA BARAT,-8.6653294,117.2853949
"POINT (121.0439401 -8.6906139)",53.0,NUSA TENGGARA TIMUR,NUSA TENGGARA TIMUR,-8.6906139,121.0439401
"POINT (129.42078 -3.11884)",81.0,MALUKU,MALUKU,-3.11884,129.42078
"POINT (127.97202 0.63012)",82.0,MALUKU UTARA,MALUKU UTARA,0.63012,127.97202
"POINT (132.90253 -1.38424)",91.0,PAPUA BARAT,PAPUA BARAT,-1.38424,132.90253
"POINT (137.9970411 -2.3868126)",94.0,PAPUA,PAPUA,-2.3868126,137.9970411
"POINT (139.13921302647222 -6.72692463542105)",95.0,PAPUA SELATAN,PAPUA SELATAN,-6.72692463542105,139.13921302647222
"POINT (137.01637174422635 -4.228368073899401)",96.0,PAPUA TENGAH,PAPUA TENGAH,-4.228368073899401,137.01637174422635
"POINT (139.6472663491878 -4.079883205610032)",97.0,PAPUA PEGUNUNGAN,PAPUA PEGUNUNGAN,-4.079883205610032,139.6472663491878
"POINT (131.7229244763614 -1.016931580725968)",98.0,PAPUA BARAT DAYA,PAPUA BARAT DAYA,-1.016931580725968,131.7229244763614
